{"taskRun":"7C722093-B7E9-4E00-83F4-9DD17976E9DE","files":[{"filename":"moodsurvey102.json","timestamp":"2014-12-04T11:19:47-0800","contentType":"application\/json","extra":{}},{"filename":"moodsurvey103.json","timestamp":"2014-12-04T11:19:48-0800","contentType":"application\/json","extra":{}},{"filename":"moodsurvey104.json","timestamp":"2014-12-04T11:19:49-0800","contentType":"application\/json","extra":{}},{"filename":"moodsurvey105.json","timestamp":"2014-12-04T11:19:51-0800","contentType":"application\/json","extra":{}},{"filename":"moodsurvey106.json","timestamp":"2014-12-04T11:19:52-0800","contentType":"application\/json","extra":{}}],"item":"Mood Survey"}